id,publisher,title,url,type,supports,limit,access,reviewed_on
S01,"Ministry of Home Affairs, Government of India","Rajya Sabha Unstarred Question 399, 23 July 2025",https://www.mha.gov.in/MHA1/Par2017/pdfs/par2025-pdfs/RS23072025/399.pdf,Government primary source,Page 5 reports 35 VASPs onboarded to SAHYOG at that date; describes the portal's notice context.,"Historical count, not a current total or an API specification.",Official PDF text retrieved.,2026-09-24
S02,Ministry of Home Affairs,SAHYOG public portal,https://sahyog.mha.gov.in/,Government primary source,Public description and authenticated portal entry point.,No cryptocurrency disclosure/freezing integration contract exposed in the reviewed public page.,Public page retrieved; no authenticated access attempted.,2026-09-24
S03,Financial Action Task Force,Updated Guidance for a Risk-Based Approach to Virtual Assets and VASPs (2021),https://www.fatf-gafi.org/en/publications/Fatfrecommendations/Guidance-rba-virtual-assets-2021.html,Intergovernmental guidance,VASP/virtual-asset framework and attention to unhosted/P2P arrangements.,The page notes that later standards revisions are not incorporated; jurisdictional legal review is required.,Official guidance page and indexed PDF excerpts reviewed.,2026-09-24
S04,Financial Intelligence Unit - India,Official downloads: VDA guidelines and registration circulars,https://fiuindia.gov.in/files/Downloads/Downloads.html,Government primary source,Lists VDA AML/CFT guidelines updated 8 January 2026 and registration circulars.,Direct retrieval of VDA08012026.pdf failed; no claim of complete substantive legal review of that document.,Official index retrieved; guideline title/date confirmed.,2026-09-24
S05,India Code,"The Bharatiya Sakshya Adhiniyam, 2023",https://www.indiacode.nic.in/bitstream/123456789/20063/1/a2023-47.pdf,Statutory primary source,Electronic-record provisions including section 63 and associated certificate requirements.,An evidence export is not automatically admissible; competent legal/signatory review remains necessary.,Official indexed statutory text and certificate excerpts reviewed.,2026-09-24
S06,Ministry of Electronics and Information Technology,Digital Personal Data Protection Rules 2025 and enforcement timeline,https://www.meity.gov.in/documents/act-and-policies/digital-personal-data-protection-rules-2025-gDOxUjMtQWa,Government primary source,"Official publication index for Rules, corrigendum and enforcement timeline.",Applicability and commencement must be mapped to the actual deployment; no blanket government exemption assumed.,Official indexed page reviewed.,2026-09-24
S07,CERT-In,"Directions under section 70B, 28 April 2022",https://www.cert-in.org.in/PDF/CERT-In_Directions_70B_28.04.2022.pdf,Government primary source,Specified incident reporting and ICT logging requirements for covered organisations.,Review current applicability and official FAQs; investigation evidence retention is a separate policy.,Official eight-page PDF text retrieved.,2026-09-24
S08,Bitcoin Developer Documentation,Developer Guide: Transactions,https://developer.bitcoin.org/devguide/transactions.html,Protocol documentation,Inputs spend previous outputs; transaction and UTXO structure.,Protocol structure does not establish beneficial ownership or unique input-to-output fund allocation.,Official developer text reviewed.,2026-09-24
S09,Blockstream,Esplora HTTP API documentation,https://github.com/Blockstream/esplora/blob/master/API.md,Maintainer documentation,"Address history, transaction and output-spend interfaces for an indexed Bitcoin adapter.","Public-instance availability, commercial usage and throughput were not validated; local endpoint probe failed TLS.",Maintainer API reference retrieved.,2026-09-24
S10,Ethereum.org,JSON-RPC API,https://ethereum.org/developers/docs/apis/json-rpc/,Protocol documentation,"Receipts, logs, block queries and safe/finalized selectors.",Standard RPC is not a universal arbitrary-address archival history or internal-trace service.,Official documentation reviewed.,2026-09-24
S11,Go Ethereum,Built-in tracers,https://geth.ethereum.org/docs/developers/evm-tracing/built-in-tracers,Client maintainer documentation,Execution/call tracing as an additional data surface.,Node/provider configuration and historical trace access require separate verification.,Official documentation retrieved.,2026-09-24
S12,TRON Developer Hub,TRC-20 transaction history,https://developers.tron.network/es/docs/get-trc20-transaction-history,Protocol/provider documentation,"Indexed per-account TRC-20 history, fingerprint pagination and confirmation filters.",Endpoint limits and data rights need credentialed validation; displayed locale path is the retrieved source.,Official developer page reviewed.,2026-09-24
S13,TRON Developer Hub,Exchange wallet integration,https://developers.tron.network/docs/exchangewallet-integrate-with-the-tron-network,Protocol documentation,Distinction between native-node calls and indexed account-history services.,A self-hosted node alone is not assumed to provide indexed history; no live keyed integration tested.,Official documentation retrieved.,2026-09-24
S14,Solana,getSignaturesForAddress,https://solana.com/docs/rpc/http/getsignaturesforaddress,Protocol documentation,Signature history for account references and pagination/configuration fields.,Referenced account is not necessarily a value recipient; archival availability varies by provider.,Official RPC reference retrieved.,2026-09-24
S15,Solana,RPC JSON structures,https://solana.com/docs/rpc/json-structures,Protocol documentation,"Loaded keys, inner instructions and transaction metadata structures.",Parsing all application semantics and token extensions still requires validated decoders.,Official RPC structures reviewed.,2026-09-24
S16,BNB Chain,BSC JSON-RPC endpoint and API differences,https://docs.bnbchain.org/bnb-smart-chain/developers/json_rpc/json-rpc-endpoint/,Protocol documentation,EVM compatibility with BSC-specific interfaces and finality differences.,No hard-coded historical block timing or universal Ethereum finality assumption is adopted.,Official documentation reviewed.,2026-09-24
S17,Polygon,Polygon PoS finality,https://docs.polygon.technology/pos/concepts/finality/finality,Protocol documentation,Finality concepts and the milestone mechanism; also located in official documentation index.,The older milestones URL failed; current route and network/provider behaviour must be rechecked when implementing.,Official index inspected; current finality route retrieved separately.,2026-09-24
S18,Circle,CCTP technical guide,https://developers.circle.com/cctp/references/technical-guide,Protocol maintainer documentation,"Message/attestation flow, source and destination domains, nonce and version-specific semantics.",Protocol linkage does not by itself prove destination execution or customer identity; YAML retrieval was unavailable.,Official technical guide and supported-domain page reviewed.,2026-09-24
S19,Wormhole,Verified Action Approvals (VAAs),https://wormhole.com/docs/protocol/infrastructure/vaas/,Protocol maintainer documentation,"VAA identifiers, guardian signatures and finality/reorg caveats.",A signed message is not proof of successful destination asset redemption.,Official protocol documentation reviewed.,2026-09-24
S20,Etherscan,Rate limits,https://docs.etherscan.io/rate-limits,Provider documentation,"General API plan limits, including selected-chain free tier constraints.",Limits can change; endpoint-specific restrictions override the general plan table.,Official documentation retrieved.,2026-09-24
S21,Etherscan,Get metadata for an address,https://docs.etherscan.io/api-reference/endpoint/getaddresstag,Provider API reference,"Address nametags/metadata, documented Pro Plus requirement and two-calls-per-second endpoint limit.",Public documentation is not an active entitlement or validation of label precision.,"Official endpoint reference retrieved, including access requirements.",2026-09-24
S22,Etherscan,Public V2 chain list,https://api.etherscan.io/v2/chainlist,Provider data endpoint,Chain-specific identifiers and API metadata for configuration discovery.,A fetched chain registry does not prove successful authenticated transaction or label calls.,Web retrieval returned JSON; direct local HTTPS probe failed TLS.,2026-09-24
S23,Alchemy,alchemy_getAssetTransfers,https://www.alchemy.com/docs/data/transfers-api/transfers-endpoints/alchemy-get-asset-transfers,Provider API reference,Indexed transfer-history interface and method-specific internal-transfer coverage.,History and webhook products differ; no assumption that all advertised networks expose every event type.,Official method and feature-support documentation reviewed.,2026-09-24
S24,Helius,Introducing Parsed Events API and Parsed Streams,https://www.helius.dev/blog/parsed-events-and-streams,Provider product announcement,Availability of parsed Solana data products and historical-query descriptions.,Provider coverage claims are not independently tested; legacy API-reference URL retrieval failed.,Official announcement reviewed.,2026-09-24
S25,Chainalysis,Address Screening,https://www.chainalysis.com/product/address-screening/,Vendor capability claim,Address risk screening and API availability.,"No subscription, entity precision or export entitlement validated; screening is not assumed to expose all tracing data.",Official product page reviewed.,2026-09-24
S26,Chainalysis,Reactor investigations,https://www.chainalysis.com/product/reactor/,Vendor capability claim,Investigative tracing/graph product distinct from address screening.,Marketing scale/accuracy claims are not adopted as our results or an available API contract.,Official product page reviewed.,2026-09-24
S27,TRM Labs,BLOCKINT API,https://www.trmlabs.com/blockchain-intelligence-platform/blockint-api,Vendor capability claim,"API-oriented address behaviour, risk/entity intelligence and transaction history offering.","Exact response schemas, entitlements, provenance and benchmark quality require procurement/testing.",Official product page retrieved.,2026-09-24
S28,Elliptic,AML API introduction,https://developers.elliptic.co/docs/aml-api-introduction,Provider API documentation,Batch/single wallet and transaction analysis interfaces and key-based onboarding.,This does not establish access to every investigative graph or deposit assertion.,Official developer guide reviewed.,2026-09-24
S29,Elliptic,Rescreening and alerting,https://developers.elliptic.co/docs/rescreening-and-alerting,Provider API documentation,"Webhook alerts, signature validation guidance and retry behaviour.",Implementation must validate current signed delivery and duplication behaviour with its actual subscription.,Official developer guide reviewed.,2026-09-24
S30,Arkham,"The new Arkham API, 17 February 2026",https://info.arkm.com/announcements/the-new-arkham-api,Vendor capability claim,Intel API described as exposing entity labels and fund-flow data.,"Access, costs, data rights and independent quality were not established.",Official announcement reviewed.,2026-09-24
S31,Arkham,"API upgrade: real-time intel, 8 September 2026",https://info.arkm.com/announcements/arkham-api-upgrade-real-time-intel,Vendor product changelog,New/updated/deleted intelligence feed and cursor-based update semantics.,"Freshness is a supplier statement, not an independently measured SLA.",Official announcement reviewed.,2026-09-24
S32,Kappos et al.; USENIX Security 2022,How to Peel a Million: Validating and Expanding Bitcoin Clusters,https://www.usenix.org/system/files/sec22-kappos.pdf,Primary research paper,Bitcoin clustering methodology and limitations including collaborative transactions.,Published research does not validate a new implementation or provide universal ownership certainty.,Original paper text retrieved.,2026-09-24
S33,PostgreSQL Global Development Group,Row security policies,https://www.postgresql.org/docs/18/ddl-rowsecurity.html,Software maintainer documentation,Row-level policies as a defence-in-depth mechanism.,Application permissions and privileged-role behaviour still require isolation tests.,Official versioned documentation reviewed.,2026-09-24
S34,Temporal,What is a Temporal Activity?,https://docs.temporal.io/activities,Software maintainer documentation,"Workflow activities, durable lifecycle and recommended idempotency.",Does not create exactly-once effects in an external recipient system.,Official documentation retrieved and idempotency passage inspected.,2026-09-24
S35,FastAPI,Features,https://fastapi.tiangolo.com/features/,Software maintainer documentation,API framework choice and schema-driven interface design.,"Framework capabilities do not substitute for security, scalability or application acceptance tests.",Official documentation retrieved.,2026-09-24
S36,Cytoscape.js,Graph library documentation,https://js.cytoscape.org/,Software maintainer documentation,Interactive graph visualisation tooling.,Visual graph layout is not attribution or proof of ownership.,Official documentation retrieved.,2026-09-24
S37,"US Treasury, Office of Foreign Assets Control",Sanctions List Service,https://ofac.treasury.gov/sanctions-list-service,Government primary source,Official downloadable sanctions-list data service.,One source with a particular jurisdictional scope; not an exhaustive criminal-wallet registry.,Official page retrieved.,2026-09-24
S38,Circle,USDC terms,https://www.circle.com/legal/usdc-terms,Issuer legal terms,Issuer-specific blocked-address and legal-order provisions.,Does not create an application-controlled freeze mechanism or settle an agency's legal authority.,Official legal terms excerpts reviewed.,2026-09-24
S39,Tether,Legal terms and policies,https://tether.to/en/legal/,Issuer legal terms,"Issuer-specific legal, information-sharing and token-freezing provisions.",Current request process and jurisdiction must be confirmed; no automatic action entitlement inferred.,Official legal page excerpts reviewed.,2026-09-24
S40,Chain Agnostic Improvement Proposals,CAIP-10: Account ID specification,https://standards.chainagnostic.org/CAIPs/caip-10,Identifier specification,Chain-qualified account identifiers.,Canonicalisation and input validation remain chain-specific implementation work.,Specification retrieved through canonical redirect.,2026-09-24
S41,Ethereum Improvement Proposals,ERC-20 token standard,https://eips.ethereum.org/EIPS/eip-20,Protocol specification,Token interface/event semantics used by the EVM decoder design.,An arbitrary contract emitting similar events is not verified asset identity or compliant behaviour.,Official specification retrieved.,2026-09-24
S42,Neo4j,Operations manual introduction and editions,https://neo4j.com/docs/operations-manual/current/introduction/,Software maintainer documentation,Property graph deployment and Community/Enterprise capability distinctions.,Enterprise clustering/HA must not be assumed in a free single-instance deployment.,Official documentation retrieved; editions section inspected.,2026-09-24
S43,Amazon Web Services,Locking objects with S3 Object Lock,https://docs.aws.amazon.com/AmazonS3/latest/userguide/object-lock.html,Storage provider documentation,Retention/legal hold and WORM storage mechanism.,Not a hosting recommendation or compliance certification; compatible products need their own validation.,Official documentation reviewed.,2026-09-24
S44,OWASP,"API Security Top 10, 2023",https://api-security.owasp.org/editions/2023/en/0x00-header/,Security project guidance,"Object authorisation, resource consumption, SSRF and unsafe API-consumption threats.","An awareness framework, not a security audit or certification.",Official project material reviewed.,2026-09-24
